{"cameraMode":{"drawMode":0,"name":"Shaded","section":"Shading Mode"},"sceneLighting":false,"audioPlay":false,"sceneViewState":{"m_AlwaysRefresh":false,"showFog":true,"showSkybox":false,"showFlares":true,"showImageEffects":true,"showParticleSystems":true,"showVisualEffectGraphs":true,"m_FxEnabled":true},"in2DMode":false,"pivot":{"x":7.003104209899902,"y":0.5630884170532227,"z":-6.813319683074951},"rotation":{"x":0.004343028180301189,"y":0.9909164905548096,"z":-0.13036596775054933,"w":0.03301170468330383},"size":0.7994104027748108,"orthographic":false}