{"cameraMode":{"drawMode":0,"name":"Shaded","section":"Shading Mode"},"sceneLighting":false,"audioPlay":false,"sceneViewState":{"m_AlwaysRefresh":false,"showFog":true,"showSkybox":false,"showFlares":true,"showImageEffects":true,"showParticleSystems":true,"showVisualEffectGraphs":true,"m_FxEnabled":true},"in2DMode":false,"pivot":{"x":0.00013363559264689684,"y":0.0008803661912679672,"z":0.00003426289185881615},"rotation":{"x":0.013098640367388726,"y":-0.698911726474762,"z":0.01279236376285553,"w":0.7150252461433411},"size":0.005464804824441671,"orthographic":false}