{"cameraMode":{"drawMode":0,"name":"Shaded","section":"Shading Mode"},"sceneLighting":false,"audioPlay":false,"sceneViewState":{"m_AlwaysRefresh":false,"showFog":true,"showSkybox":false,"showFlares":true,"showImageEffects":true,"showParticleSystems":true,"showVisualEffectGraphs":true,"m_FxEnabled":true},"in2DMode":false,"pivot":{"x":0.16952283680438996,"y":-0.01224108599126339,"z":-0.20538929104804994},"rotation":{"x":0.09102362394332886,"y":-0.7351811528205872,"z":-0.10074462741613388,"w":-0.6641831398010254},"size":0.05533146858215332,"orthographic":false}