{"cameraMode":{"drawMode":0,"name":"Shaded","section":"Shading Mode"},"sceneLighting":false,"audioPlay":false,"sceneViewState":{"m_AlwaysRefresh":false,"showFog":true,"showSkybox":false,"showFlares":true,"showImageEffects":true,"showParticleSystems":true,"showVisualEffectGraphs":true,"m_FxEnabled":true},"in2DMode":false,"pivot":{"x":-0.04670798033475876,"y":-0.4190464913845062,"z":-0.2781369388103485},"rotation":{"x":-0.010582358576357365,"y":-0.9778981804847717,"z":0.20262101292610169,"w":-0.05110016465187073},"size":0.9553315043449402,"orthographic":false}