{"cameraMode":{"drawMode":0,"name":"Shaded","section":"Shading Mode"},"sceneLighting":false,"audioPlay":false,"sceneViewState":{"m_AlwaysRefresh":false,"showFog":true,"showSkybox":false,"showFlares":true,"showImageEffects":true,"showParticleSystems":true,"showVisualEffectGraphs":true,"m_FxEnabled":true},"in2DMode":false,"pivot":{"x":3.094740867614746,"y":0.7402163743972778,"z":-5.752078533172607},"rotation":{"x":0.0030684429220855238,"y":0.9966872334480286,"z":-0.0676887109875679,"w":0.04518292844295502},"size":0.007925724610686303,"orthographic":false}