{"cameraMode":{"drawMode":0,"name":"Shaded","section":"Shading Mode"},"sceneLighting":false,"audioPlay":false,"sceneViewState":{"m_AlwaysRefresh":false,"showFog":true,"showSkybox":false,"showFlares":true,"showImageEffects":true,"showParticleSystems":true,"showVisualEffectGraphs":true,"m_FxEnabled":true},"in2DMode":false,"pivot":{"x":0.0007259648409672082,"y":0.0018404468428343535,"z":-0.0032262064050883056},"rotation":{"x":-0.26451894640922549,"y":-0.5054396390914917,"z":-0.16617529094219209,"w":0.804375171661377},"size":0.005340544506907463,"orthographic":false}