{"cameraMode":{"drawMode":0,"name":"Shaded","section":"Shading Mode"},"sceneLighting":false,"audioPlay":false,"sceneViewState":{"m_AlwaysRefresh":false,"showFog":true,"showSkybox":false,"showFlares":true,"showImageEffects":true,"showParticleSystems":true,"showVisualEffectGraphs":true,"m_FxEnabled":true},"in2DMode":false,"pivot":{"x":0.001887607853859663,"y":0.002998830284923315,"z":-0.0004930228460580111},"rotation":{"x":-0.26451894640922549,"y":-0.5054396390914917,"z":-0.16617529094219209,"w":0.804375171661377},"size":0.005320276599377394,"orthographic":false}