{"cameraMode":{"drawMode":0,"name":"Shaded","section":"Shading Mode"},"sceneLighting":true,"audioPlay":false,"sceneViewState":{"m_AlwaysRefresh":false,"showFog":true,"showSkybox":true,"showFlares":true,"showImageEffects":true,"showParticleSystems":true,"showVisualEffectGraphs":true,"m_FxEnabled":true},"in2DMode":false,"pivot":{"x":9.61681079864502,"y":-1.0132391452789307,"z":-56.10797119140625},"rotation":{"x":-0.001096797059290111,"y":-0.996999204158783,"z":0.013767839409410954,"w":-0.07732246071100235},"size":30.568700790405275,"orthographic":false}