{"cameraMode":{"drawMode":0,"name":"Shaded","section":"Shading Mode"},"sceneLighting":true,"audioPlay":false,"sceneViewState":{"m_AlwaysRefresh":false,"showFog":true,"showSkybox":true,"showFlares":true,"showImageEffects":true,"showParticleSystems":true,"showVisualEffectGraphs":true,"m_FxEnabled":true},"in2DMode":false,"pivot":{"x":-0.0000017881393432617188,"y":0.953000545501709,"z":0.03954485058784485},"rotation":{"x":0.009401563555002213,"y":-0.9894770979881287,"z":0.12414270639419556,"w":0.07494653761386872},"size":1.5278409719467164,"orthographic":false}