{"cameraMode":{"drawMode":0,"name":"Shaded","section":"Shading Mode"},"sceneLighting":true,"audioPlay":false,"sceneViewState":{"m_AlwaysRefresh":false,"showFog":true,"showSkybox":true,"showFlares":true,"showImageEffects":true,"showParticleSystems":true,"showVisualEffectGraphs":true,"m_FxEnabled":true},"in2DMode":false,"pivot":{"x":3.272653341293335,"y":0.3304474353790283,"z":-5.784124851226807},"rotation":{"x":-0.030439013615250589,"y":0.9663408994674683,"z":-0.13599064946174622,"w":-0.21629375219345094},"size":2.6271588802337648,"orthographic":false}