{"cameraMode":{"drawMode":0,"name":"Shaded","section":"Shading Mode"},"sceneLighting":false,"audioPlay":false,"sceneViewState":{"m_AlwaysRefresh":false,"showFog":true,"showSkybox":false,"showFlares":true,"showImageEffects":true,"showParticleSystems":true,"showVisualEffectGraphs":true,"m_FxEnabled":true},"in2DMode":false,"pivot":{"x":-6.984919309616089e-10,"y":0.01054110936820507,"z":-1.1641532182693482e-10},"rotation":{"x":-0.025223586708307267,"y":0.9736741185188294,"z":-0.1820210963487625,"w":-0.13492734730243684},"size":0.013797124847769738,"orthographic":false}