{"cameraMode":{"drawMode":0,"name":"Shaded","section":"Shading Mode"},"sceneLighting":false,"audioPlay":false,"sceneViewState":{"m_AlwaysRefresh":false,"showFog":true,"showSkybox":false,"showFlares":true,"showImageEffects":true,"showParticleSystems":true,"showVisualEffectGraphs":true,"m_FxEnabled":true},"in2DMode":false,"pivot":{"x":4.4520368576049809,"y":1.198663592338562,"z":-5.863565921783447},"rotation":{"x":0.003906848840415478,"y":0.9848619103431702,"z":-0.02247079461812973,"w":0.17190048098564149},"size":1.4990119934082032,"orthographic":false}