{"cameraMode":{"drawMode":0,"name":"Shaded","section":"Shading Mode"},"sceneLighting":false,"audioPlay":false,"sceneViewState":{"m_AlwaysRefresh":false,"showFog":true,"showSkybox":false,"showFlares":true,"showImageEffects":true,"showParticleSystems":true,"showVisualEffectGraphs":true,"m_FxEnabled":true},"in2DMode":false,"pivot":{"x":-0.0002994017559103668,"y":0.0007389017846435308,"z":-0.001349128084257245},"rotation":{"x":0.004343028180301189,"y":0.9909164905548096,"z":-0.13036596775054933,"w":0.03301170468330383},"size":0.00507553992792964,"orthographic":false}