{"cameraMode":{"drawMode":0,"name":"Shaded","section":"Shading Mode"},"sceneLighting":false,"audioPlay":false,"sceneViewState":{"m_AlwaysRefresh":false,"showFog":true,"showSkybox":false,"showFlares":true,"showImageEffects":true,"showParticleSystems":true,"showVisualEffectGraphs":true,"m_FxEnabled":true},"in2DMode":false,"pivot":{"x":2.6221094131469728,"y":0.5322369933128357,"z":-3.814122200012207},"rotation":{"x":0.009825284592807293,"y":0.9880021810531616,"z":0.13690494000911714,"w":-0.07095957547426224},"size":0.48173844814300539,"orthographic":false}